{"cameraMode":{"drawMode":0,"name":"Shaded","section":"Shading Mode"},"sceneLighting":false,"audioPlay":false,"sceneViewState":{"m_AlwaysRefresh":false,"showFog":true,"showSkybox":false,"showFlares":true,"showImageEffects":true,"showParticleSystems":true,"showVisualEffectGraphs":true,"m_FxEnabled":true},"in2DMode":false,"pivot":{"x":0.08971328288316727,"y":-0.22127214074134828,"z":4.348676681518555},"rotation":{"x":0.0012677800841629506,"y":-0.9875681400299072,"z":0.1571333110332489,"w":0.007859221659600735},"size":0.2471572607755661,"orthographic":false}