{"cameraMode":{"drawMode":0,"name":"Shaded","section":"Shading Mode"},"sceneLighting":false,"audioPlay":false,"sceneViewState":{"m_AlwaysRefresh":false,"showFog":true,"showSkybox":false,"showFlares":true,"showImageEffects":true,"showParticleSystems":true,"showVisualEffectGraphs":true,"m_FxEnabled":true},"in2DMode":false,"pivot":{"x":-0.4839497208595276,"y":0.21353808045387269,"z":0.24792779982089997},"rotation":{"x":-0.0842258557677269,"y":-0.8836831450462341,"z":0.17482680082321168,"w":-0.4260537028312683},"size":0.2166106402873993,"orthographic":false}