{"cameraMode":{"drawMode":0,"name":"Shaded","section":"Shading Mode"},"sceneLighting":true,"audioPlay":false,"sceneViewState":{"m_AlwaysRefresh":false,"showFog":true,"showSkybox":true,"showFlares":true,"showImageEffects":true,"showParticleSystems":true,"showVisualEffectGraphs":true,"m_FxEnabled":true},"in2DMode":false,"pivot":{"x":-0.1251695305109024,"y":0.6615797281265259,"z":-1.0417954921722413},"rotation":{"x":-0.0684068500995636,"y":-0.1256694495677948,"z":0.00868637952953577,"w":-0.9896882772445679},"size":0.8660253882408142,"orthographic":false}