{"cameraMode":{"drawMode":0,"name":"Shaded","section":"Shading Mode"},"sceneLighting":false,"audioPlay":false,"sceneViewState":{"m_AlwaysRefresh":false,"showFog":true,"showSkybox":false,"showFlares":true,"showImageEffects":true,"showParticleSystems":true,"showVisualEffectGraphs":true,"m_FxEnabled":true},"in2DMode":false,"pivot":{"x":0.9307730197906494,"y":0.04618150368332863,"z":-0.2603808343410492},"rotation":{"x":-0.06735517084598541,"y":0.5125497579574585,"z":-0.040375202894210818,"w":-0.8550699353218079},"size":0.2166106402873993,"orthographic":false}