{"cameraMode":{"drawMode":0,"name":"Shaded","section":"Shading Mode"},"sceneLighting":false,"audioPlay":false,"sceneViewState":{"m_AlwaysRefresh":false,"showFog":true,"showSkybox":false,"showFlares":true,"showImageEffects":true,"showParticleSystems":true,"showVisualEffectGraphs":true,"m_FxEnabled":true},"in2DMode":false,"pivot":{"x":-0.3469434678554535,"y":-1.0129618644714356,"z":0.8250397443771362},"rotation":{"x":0.07453170418739319,"y":-0.6402909755706787,"z":0.06260619312524796,"w":0.7619760632514954},"size":0.8660253882408142,"orthographic":false}