{"cameraMode":{"drawMode":0,"name":"Shaded","section":"Shading Mode"},"sceneLighting":false,"audioPlay":false,"sceneViewState":{"m_AlwaysRefresh":false,"showFog":true,"showSkybox":false,"showFlares":true,"showImageEffects":true,"showParticleSystems":true,"showVisualEffectGraphs":true,"m_FxEnabled":true},"in2DMode":false,"pivot":{"x":0.061055123805999759,"y":0.37744954228401186,"z":-8.288721084594727},"rotation":{"x":-0.03124958463013172,"y":-0.7425551414489746,"z":0.03480331227183342,"w":-0.6682046055793762},"size":0.17944546043872834,"orthographic":false}