{"cameraMode":{"drawMode":0,"name":"Shaded","section":"Shading Mode"},"sceneLighting":false,"audioPlay":false,"sceneViewState":{"m_AlwaysRefresh":false,"showFog":true,"showSkybox":false,"showFlares":true,"showImageEffects":true,"showParticleSystems":true,"showVisualEffectGraphs":true,"m_FxEnabled":true},"in2DMode":false,"pivot":{"x":0.33897852897644045,"y":0.13279855251312257,"z":0.31826090812683108},"rotation":{"x":0.33319923281669619,"y":-0.032079581171274188,"z":0.01135198026895523,"w":0.9422776699066162},"size":1.0097265243530274,"orthographic":false}