{"cameraMode":{"drawMode":0,"name":"Shaded","section":"Shading Mode"},"sceneLighting":false,"audioPlay":false,"sceneViewState":{"m_AlwaysRefresh":false,"showFog":true,"showSkybox":false,"showFlares":true,"showImageEffects":true,"showParticleSystems":true,"showVisualEffectGraphs":true,"m_FxEnabled":true},"in2DMode":false,"pivot":{"x":1.552678108215332,"y":-1.7799999713897706,"z":64.88172149658203},"rotation":{"x":0.07938191294670105,"y":-0.0894533097743988,"z":0.007254906930029392,"w":0.9929216504096985},"size":1.2247449159622193,"orthographic":false}